Year,DMA,GT MVT
2011,Abilene-Sweetwater TX,56.97
2011,Albany GA,100.0
2011,Albany-Schenectady-Troy NY,23.03
2011,Albuquerque-Santa Fe NM,35.56
2011,Amarillo TX,48.56
2011,Atlanta GA,41.23
2011,Augusta GA,50.54
2011,Austin TX,43.15
2011,Bakersfield CA,92.25
2011,Baltimore MD,41.74
2011,Baton Rouge LA,25.0
2011,Birmingham AL,44.45
2011,Boise ID,31.31
2011,Boston MA-Manchester NH,36.46
2011,Buffalo NY,41.46
2011,Burlington VT-Plattsburgh NY,38.38
2011,Champaign & Springfield-Decatur IL,33.52
2011,Charleston SC,38.31
2011,Charleston-Huntington WV,32.38
2011,Charlotte NC,38.29
2011,Chattanooga TN,40.27
2011,Chicago IL,48.03
2011,Cincinnati OH,31.54
2011,Cleveland-Akron (Canton) OH,40.2
2011,Colorado Springs-Pueblo CO,47.48
2011,Columbia SC,39.42
2011,Columbus OH,39.37
2011,Dallas-Ft. Worth TX,53.85
2011,Davenport IA-Rock Island-Moline IL,31.48
2011,Dayton OH,42.09
2011,Denver CO,37.66
2011,Des Moines-Ames IA,36.6
2011,Detroit MI,57.83
2011,El Paso TX,46.03
2011,Eugene OR,39.79
2011,Eureka CA,100.0
2011,Flint-Saginaw-Bay City MI,31.38
2011,Florence-Myrtle Beach SC,29.92
2011,Fresno-Visalia CA,62.47
2011,Ft. Myers-Naples FL,29.97
2011,Ft. Smith-Fayetteville-Springdale-Rogers AR,25.24
2011,Grand Rapids-Kalamazoo-Battle Creek MI,25.37
2011,Green Bay-Appleton WI,20.08
2011,Greensboro-High Point-Winston Salem NC,27.23
2011,Greenville-New Bern-Washington NC,20.0
2011,Greenville-Spartanburg SC-Asheville NC-Anderson SC,37.71
2011,Harlingen-Weslaco-Brownsville-McAllen TX,57.84
2011,Harrisburg-Lancaster-Lebanon-York PA,37.94
2011,Hartford & New Haven CT,32.77
2011,Honolulu HI,57.47
2011,Houston TX,49.21
2011,Huntsville-Decatur (Florence) AL,21.29
2011,Indianapolis IN,39.97
2011,Jackson MS,48.6
2011,Jacksonville FL,39.69
2011,Kansas City MO,56.24
2011,Knoxville TN,53.26
2011,Lansing MI,23.46
2011,Las Vegas NV,75.0
2011,Lexington KY,21.16
2011,Lincoln & Hastings-Kearney NE,54.21
2011,Little Rock-Pine Bluff AR,34.16
2011,Los Angeles CA,58.84
2011,Louisville KY,39.54
2011,Macon GA,32.0
2011,Madison WI,32.38
2011,Memphis TN,39.41
2011,Miami-Ft. Lauderdale FL,44.14
2011,Milwaukee WI,50.97
2011,Minneapolis-St. Paul MN,40.42
2011,Minot-Bismarck-Dickinson(Williston) ND,41.0
2011,Missoula MT,45.0
2011,Mobile AL-Pensacola (Ft. Walton Beach) FL,43.35
2011,Monterey-Salinas CA,67.25
2011,Nashville TN,31.79
2011,New Orleans LA,39.76
2011,New York NY,44.0
2011,Norfolk-Portsmouth-Newport News VA,41.23
2011,Oklahoma City OK,47.3
2011,Omaha NE,51.94
2011,Orlando-Daytona Beach-Melbourne FL,49.31
2011,Paducah KY-Cape Girardeau MO-Harrisburg-Mount Vernon IL,47.15
2011,Peoria-Bloomington IL,43.39
2011,Philadelphia PA,43.43
2011,Phoenix AZ,49.0
2011,Pittsburgh PA,35.86
2011,Portland OR,54.28
2011,Portland-Auburn ME,31.24
2011,Providence RI-New Bedford MA,40.94
2011,Raleigh-Durham (Fayetteville) NC,31.34
2011,Reno NV,39.89
2011,Richmond-Petersburg VA,27.31
2011,Roanoke-Lynchburg VA,23.71
2011,Rochester NY,39.31
2011,Sacramento-Stockton-Modesto CA,61.5
2011,Salt Lake City UT,38.09
2011,San Antonio TX,59.03
2011,San Diego CA,63.84
2011,San Francisco-Oakland-San Jose CA,60.38
2011,Santa Barbara-Santa Maria-San Luis Obispo CA,46.28
2011,Savannah GA,38.56
2011,Seattle-Tacoma WA,57.53
2011,Shreveport LA,45.59
2011,Sioux Falls(Mitchell) SD,34.13
2011,South Bend-Elkhart IN,60.0
2011,Spokane WA,55.62
2011,Springfield MO,49.06
2011,Springfield-Holyoke MA,46.3
2011,St. Louis MO,40.09
2011,Syracuse NY,24.59
2011,Tallahassee FL-Thomasville GA,52.0
2011,Tampa-St. Petersburg (Sarasota) FL,38.29
2011,Toledo OH,46.76
2011,Tucson (Sierra Vista) AZ,57.22
2011,Tulsa OK,63.06
2011,Waco-Temple-Bryan TX,32.59
2011,Washington DC (Hagerstown MD),41.89
2011,West Palm Beach-Ft. Pierce FL,42.91
2011,Wichita-Hutchinson KS,36.94
2011,Wilkes Barre-Scranton PA,37.06
2011,Yakima-Pasco-Richland-Kennewick WA,34.47
2012,Abilene-Sweetwater TX,50.97
2012,Albany-Schenectady-Troy NY,29.58
2012,Albuquerque-Santa Fe NM,58.7
2012,Amarillo TX,34.64
2012,Atlanta GA,45.61
2012,Augusta GA,37.67
2012,Austin TX,44.3
2012,Bakersfield CA,96.03
2012,Baltimore MD,38.55
2012,Baton Rouge LA,13.24
2012,Birmingham AL,41.0
2012,Boise ID,33.0
2012,Boston MA-Manchester NH,34.82
2012,Buffalo NY,43.97
2012,Burlington VT-Plattsburgh NY,22.56
2012,Champaign & Springfield-Decatur IL,28.38
2012,Charleston SC,28.5
2012,Charleston-Huntington WV,33.52
2012,Charlotte NC,37.0
2012,Chattanooga TN,41.94
2012,Cheyenne WY-Scottsbluff NE,100.0
2012,Chicago IL,47.88
2012,Chico-Redding CA,76.0
2012,Cincinnati OH,34.09
2012,Cleveland-Akron (Canton) OH,40.03
2012,Colorado Springs-Pueblo CO,49.97
2012,Columbia SC,45.45
2012,Columbus OH,43.42
2012,Dallas-Ft. Worth TX,47.12
2012,Davenport IA-Rock Island-Moline IL,31.23
2012,Dayton OH,29.84
2012,Denver CO,44.27
2012,Des Moines-Ames IA,24.44
2012,Detroit MI,55.39
2012,El Paso TX,49.06
2012,Eugene OR,16.94
2012,Flint-Saginaw-Bay City MI,37.06
2012,Florence-Myrtle Beach SC,49.52
2012,Fresno-Visalia CA,67.7
2012,Ft. Myers-Naples FL,28.09
2012,Ft. Smith-Fayetteville-Springdale-Rogers AR,18.64
2012,Ft. Wayne IN,55.0
2012,Grand Rapids-Kalamazoo-Battle Creek MI,27.45
2012,Green Bay-Appleton WI,23.9
2012,Greensboro-High Point-Winston Salem NC,22.61
2012,Greenville-Spartanburg SC-Asheville NC-Anderson SC,46.73
2012,Harlingen-Weslaco-Brownsville-McAllen TX,41.68
2012,Harrisburg-Lancaster-Lebanon-York PA,32.73
2012,Hartford & New Haven CT,41.24
2012,Honolulu HI,37.97
2012,Houston TX,54.09
2012,Huntsville-Decatur (Florence) AL,37.13
2012,Indianapolis IN,35.27
2012,Jackson MS,38.29
2012,Jacksonville FL,33.09
2012,Kansas City MO,61.82
2012,Knoxville TN,40.73
2012,La Crosse-Eau Claire WI,66.0
2012,Lansing MI,32.06
2012,Las Vegas NV,71.42
2012,Lexington KY,37.48
2012,Lincoln & Hastings-Kearney NE,34.79
2012,Little Rock-Pine Bluff AR,44.88
2012,Los Angeles CA,66.94
2012,Louisville KY,34.3
2012,Madison WI,42.7
2012,Memphis TN,33.06
2012,Miami-Ft. Lauderdale FL,46.85
2012,Milwaukee WI,43.76
2012,Minneapolis-St. Paul MN,37.82
2012,Mobile AL-Pensacola (Ft. Walton Beach) FL,27.0
2012,Monterey-Salinas CA,50.31
2012,Nashville TN,39.82
2012,New Orleans LA,37.06
2012,New York NY,40.45
2012,Norfolk-Portsmouth-Newport News VA,39.64
2012,Oklahoma City OK,30.39
2012,Omaha NE,52.42
2012,Orlando-Daytona Beach-Melbourne FL,48.36
2012,Paducah KY-Cape Girardeau MO-Harrisburg-Mount Vernon IL,33.84
2012,Peoria-Bloomington IL,39.81
2012,Philadelphia PA,48.21
2012,Phoenix AZ,53.39
2012,Pittsburgh PA,37.06
2012,Portland OR,50.24
2012,Portland-Auburn ME,26.44
2012,Providence RI-New Bedford MA,35.36
2012,Raleigh-Durham (Fayetteville) NC,32.7
2012,Reno NV,38.88
2012,Richmond-Petersburg VA,35.12
2012,Roanoke-Lynchburg VA,45.64
2012,Rochester NY,33.56
2012,Sacramento-Stockton-Modesto CA,78.64
2012,Salt Lake City UT,37.55
2012,San Antonio TX,57.39
2012,San Diego CA,65.85
2012,San Francisco-Oakland-San Jose CA,72.3
2012,Santa Barbara-Santa Maria-San Luis Obispo CA,43.48
2012,Savannah GA,43.81
2012,Seattle-Tacoma WA,67.52
2012,Shreveport LA,23.78
2012,Sioux Falls(Mitchell) SD,32.12
2012,South Bend-Elkhart IN,36.5
2012,Spokane WA,59.88
2012,Springfield MO,46.79
2012,Springfield-Holyoke MA,35.18
2012,St. Louis MO,42.94
2012,Syracuse NY,25.21
2012,Tallahassee FL-Thomasville GA,39.0
2012,Tampa-St. Petersburg (Sarasota) FL,33.61
2012,Toledo OH,39.94
2012,Tri-Cities TN-VA,51.0
2012,Tucson (Sierra Vista) AZ,45.85
2012,Tulsa OK,41.94
2012,Waco-Temple-Bryan TX,35.9
2012,Washington DC (Hagerstown MD),40.7
2012,West Palm Beach-Ft. Pierce FL,49.42
2012,Wichita-Hutchinson KS,42.82
2012,Wilkes Barre-Scranton PA,35.67
2012,Yakima-Pasco-Richland-Kennewick WA,52.12
2013,Abilene-Sweetwater TX,54.27
2013,Albany-Schenectady-Troy NY,37.58
2013,Albuquerque-Santa Fe NM,56.91
2013,Amarillo TX,48.71
2013,Anchorage AK,39.0
2013,Atlanta GA,53.27
2013,Augusta GA,70.06
2013,Austin TX,52.09
2013,Bakersfield CA,58.69
2013,Baltimore MD,33.45
2013,Baton Rouge LA,49.36
2013,Birmingham AL,52.24
2013,Boise ID,16.11
2013,Boston MA-Manchester NH,43.27
2013,Bowling Green KY,49.5
2013,Buffalo NY,43.36
2013,Burlington VT-Plattsburgh NY,35.12
2013,Cedar Rapids-Waterloo-Iowa City & Dubuque IA,23.5
2013,Champaign & Springfield-Decatur IL,49.21
2013,Charleston SC,49.0
2013,Charleston-Huntington WV,45.34
2013,Charlotte NC,44.42
2013,Chattanooga TN,47.19
2013,Chicago IL,52.09
2013,Chico-Redding CA,60.0
2013,Cincinnati OH,41.33
2013,Cleveland-Akron (Canton) OH,42.12
2013,Colorado Springs-Pueblo CO,64.73
2013,Columbia SC,54.61
2013,Columbus OH,48.55
2013,Columbus-Tupelo-West Point MS,34.5
2013,Dallas-Ft. Worth TX,54.03
2013,Davenport IA-Rock Island-Moline IL,30.72
2013,Dayton OH,34.3
2013,Denver CO,50.91
2013,Des Moines-Ames IA,34.15
2013,Detroit MI,63.97
2013,El Paso TX,48.33
2013,Eugene OR,59.76
2013,Eureka CA,100.0
2013,Flint-Saginaw-Bay City MI,41.44
2013,Florence-Myrtle Beach SC,34.96
2013,Fresno-Visalia CA,92.12
2013,Ft. Myers-Naples FL,30.97
2013,Ft. Smith-Fayetteville-Springdale-Rogers AR,29.6
2013,Grand Rapids-Kalamazoo-Battle Creek MI,36.85
2013,Green Bay-Appleton WI,24.19
2013,Greensboro-High Point-Winston Salem NC,32.76
2013,Greenville-New Bern-Washington NC,31.0
2013,Greenville-Spartanburg SC-Asheville NC-Anderson SC,40.61
2013,Harlingen-Weslaco-Brownsville-McAllen TX,44.76
2013,Harrisburg-Lancaster-Lebanon-York PA,37.21
2013,Hartford & New Haven CT,43.64
2013,Honolulu HI,48.64
2013,Houston TX,56.73
2013,Huntsville-Decatur (Florence) AL,56.91
2013,Indianapolis IN,53.48
2013,Jackson MS,52.5
2013,Jacksonville FL,49.39
2013,Johnstown-Altoona PA,65.0
2013,Kansas City MO,57.94
2013,Knoxville TN,45.45
2013,La Crosse-Eau Claire WI,74.0
2013,Lansing MI,47.21
2013,Las Vegas NV,60.64
2013,Lexington KY,42.36
2013,Lincoln & Hastings-Kearney NE,41.4
2013,Little Rock-Pine Bluff AR,47.73
2013,Los Angeles CA,75.48
2013,Louisville KY,46.76
2013,Madison WI,39.73
2013,Memphis TN,37.82
2013,Miami-Ft. Lauderdale FL,66.42
2013,Milwaukee WI,37.39
2013,Minneapolis-St. Paul MN,38.52
2013,Mobile AL-Pensacola (Ft. Walton Beach) FL,49.12
2013,Monroe LA-El Dorado AR,100.0
2013,Monterey-Salinas CA,83.18
2013,Nashville TN,47.12
2013,New Orleans LA,42.85
2013,New York NY,47.82
2013,Norfolk-Portsmouth-Newport News VA,46.24
2013,Oklahoma City OK,47.61
2013,Omaha NE,64.12
2013,Orlando-Daytona Beach-Melbourne FL,49.64
2013,Paducah KY-Cape Girardeau MO-Harrisburg-Mount Vernon IL,56.48
2013,Peoria-Bloomington IL,39.77
2013,Philadelphia PA,66.06
2013,Phoenix AZ,66.03
2013,Pittsburgh PA,36.03
2013,Portland OR,34.21
2013,Portland-Auburn ME,49.24
2013,Providence RI-New Bedford MA,34.06
2013,Raleigh-Durham (Fayetteville) NC,41.18
2013,Reno NV,58.09
2013,Richmond-Petersburg VA,35.85
2013,Roanoke-Lynchburg VA,37.27
2013,Rochester NY,39.3
2013,Sacramento-Stockton-Modesto CA,86.48
2013,Salt Lake City UT,57.76
2013,San Antonio TX,67.58
2013,San Diego CA,89.03
2013,San Francisco-Oakland-San Jose CA,75.91
2013,Santa Barbara-Santa Maria-San Luis Obispo CA,43.09
2013,Savannah GA,37.94
2013,Seattle-Tacoma WA,68.27
2013,Shreveport LA,47.32
2013,Sioux Falls(Mitchell) SD,61.21
2013,Spokane WA,72.42
2013,Springfield MO,42.0
2013,Springfield-Holyoke MA,39.91
2013,St. Louis MO,55.58
2013,Syracuse NY,39.79
2013,Tallahassee FL-Thomasville GA,32.5
2013,Tampa-St. Petersburg (Sarasota) FL,45.91
2013,Toledo OH,55.36
2013,Topeka KS,50.0
2013,Tucson (Sierra Vista) AZ,50.15
2013,Tulsa OK,69.82
2013,Waco-Temple-Bryan TX,27.91
2013,Washington DC (Hagerstown MD),48.45
2013,West Palm Beach-Ft. Pierce FL,46.45
2013,Wichita-Hutchinson KS,62.24
2013,Wilkes Barre-Scranton PA,50.64
2013,Wilmington NC,71.0
2013,Yakima-Pasco-Richland-Kennewick WA,36.74
2013,Youngstown OH,55.0
2014,Abilene-Sweetwater TX,80.75
2014,Albany-Schenectady-Troy NY,46.19
2014,Albuquerque-Santa Fe NM,55.0
2014,Amarillo TX,36.17
2014,Anchorage AK,27.5
2014,Atlanta GA,76.52
2014,Augusta GA,82.77
2014,Austin TX,63.77
2014,Bakersfield CA,59.93
2014,Baltimore MD,56.77
2014,Baton Rouge LA,56.0
2014,Beaumont-Port Arthur TX,74.0
2014,Birmingham AL,35.23
2014,Boise ID,37.85
2014,Boston MA-Manchester NH,44.52
2014,Bowling Green KY,24.5
2014,Buffalo NY,32.52
2014,Burlington VT-Plattsburgh NY,30.93
2014,Cedar Rapids-Waterloo-Iowa City & Dubuque IA,18.0
2014,Champaign & Springfield-Decatur IL,35.1
2014,Charleston SC,36.52
2014,Charleston-Huntington WV,32.7
2014,Charlotte NC,56.06
2014,Chattanooga TN,61.19
2014,Chicago IL,56.65
2014,Cincinnati OH,54.74
2014,Cleveland-Akron (Canton) OH,57.03
2014,Colorado Springs-Pueblo CO,60.52
2014,Columbia SC,53.1
2014,Columbia-Jefferson City MO,37.0
2014,Columbus GA,43.5
2014,Columbus OH,53.55
2014,Dallas-Ft. Worth TX,60.42
2014,Davenport IA-Rock Island-Moline IL,57.23
2014,Dayton OH,44.48
2014,Denver CO,69.45
2014,Des Moines-Ames IA,45.03
2014,Detroit MI,77.32
2014,El Paso TX,47.0
2014,Eugene OR,47.17
2014,Flint-Saginaw-Bay City MI,38.35
2014,Florence-Myrtle Beach SC,51.79
2014,Fresno-Visalia CA,88.48
2014,Ft. Myers-Naples FL,41.0
2014,Ft. Smith-Fayetteville-Springdale-Rogers AR,59.58
2014,Grand Rapids-Kalamazoo-Battle Creek MI,42.58
2014,Green Bay-Appleton WI,31.25
2014,Greensboro-High Point-Winston Salem NC,30.13
2014,Greenville-New Bern-Washington NC,28.0
2014,Greenville-Spartanburg SC-Asheville NC-Anderson SC,66.35
2014,Harlingen-Weslaco-Brownsville-McAllen TX,23.62
2014,Harrisburg-Lancaster-Lebanon-York PA,42.42
2014,Hartford & New Haven CT,56.61
2014,Honolulu HI,70.87
2014,Houston TX,69.16
2014,Huntsville-Decatur (Florence) AL,62.84
2014,Indianapolis IN,54.03
2014,Jackson MS,30.8
2014,Jacksonville FL,40.9
2014,Kansas City MO,65.26
2014,Knoxville TN,40.03
2014,Lafayette LA,37.0
2014,Lansing MI,50.5
2014,Las Vegas NV,71.84
2014,Lexington KY,54.68
2014,Lincoln & Hastings-Kearney NE,40.07
2014,Little Rock-Pine Bluff AR,55.94
2014,Los Angeles CA,79.32
2014,Louisville KY,55.13
2014,Madison WI,37.97
2014,Memphis TN,44.48
2014,Miami-Ft. Lauderdale FL,64.0
2014,Milwaukee WI,42.19
2014,Minneapolis-St. Paul MN,60.71
2014,Mobile AL-Pensacola (Ft. Walton Beach) FL,38.97
2014,Monterey-Salinas CA,49.33
2014,Nashville TN,52.68
2014,New Orleans LA,66.13
2014,New York NY,50.84
2014,Norfolk-Portsmouth-Newport News VA,49.03
2014,Oklahoma City OK,49.48
2014,Omaha NE,69.39
2014,Orlando-Daytona Beach-Melbourne FL,58.87
2014,Paducah KY-Cape Girardeau MO-Harrisburg-Mount Vernon IL,37.76
2014,Palm Springs CA,43.0
2014,Peoria-Bloomington IL,46.62
2014,Philadelphia PA,61.58
2014,Phoenix AZ,70.48
2014,Pittsburgh PA,43.23
2014,Portland OR,48.03
2014,Portland-Auburn ME,29.03
2014,Providence RI-New Bedford MA,61.19
2014,Raleigh-Durham (Fayetteville) NC,47.42
2014,Reno NV,86.13
2014,Richmond-Petersburg VA,43.39
2014,Roanoke-Lynchburg VA,12.74
2014,Rochester NY,47.84
2014,Sacramento-Stockton-Modesto CA,86.32
2014,Salt Lake City UT,63.77
2014,San Angelo TX,100.0
2014,San Antonio TX,76.77
2014,San Diego CA,87.29
2014,San Francisco-Oakland-San Jose CA,81.19
2014,Santa Barbara-Santa Maria-San Luis Obispo CA,73.68
2014,Savannah GA,49.45
2014,Seattle-Tacoma WA,84.65
2014,Shreveport LA,37.0
2014,Sioux Falls(Mitchell) SD,35.07
2014,South Bend-Elkhart IN,23.5
2014,Spokane WA,79.97
2014,Springfield MO,56.68
2014,Springfield-Holyoke MA,49.2
2014,St. Louis MO,71.29
2014,Syracuse NY,34.26
2014,Tampa-St. Petersburg (Sarasota) FL,59.84
2014,Toledo OH,51.97
2014,Topeka KS,25.0
2014,Tucson (Sierra Vista) AZ,59.16
2014,Tulsa OK,45.77
2014,Waco-Temple-Bryan TX,66.97
2014,Washington DC (Hagerstown MD),49.35
2014,West Palm Beach-Ft. Pierce FL,48.16
2014,Wichita-Hutchinson KS,66.23
2014,Wilkes Barre-Scranton PA,65.13
2014,Yakima-Pasco-Richland-Kennewick WA,51.04
2015,Abilene-Sweetwater TX,62.65
2015,Albany-Schenectady-Troy NY,46.19
2015,Albuquerque-Santa Fe NM,59.67
2015,Amarillo TX,47.36
2015,Anchorage AK,37.2
2015,Atlanta GA,67.06
2015,Augusta GA,61.61
2015,Austin TX,49.88
2015,Bakersfield CA,88.17
2015,Baltimore MD,46.72
2015,Bangor ME,34.0
2015,Baton Rouge LA,46.71
2015,"Billings, MT",86.0
2015,Birmingham AL,41.12
2015,Bluefield-Beckley-Oak Hill WV,80.0
2015,Boise ID,32.82
2015,Boston MA-Manchester NH,40.39
2015,Bowling Green KY,51.6
2015,Buffalo NY,37.83
2015,Burlington VT-Plattsburgh NY,28.42
2015,Cedar Rapids-Waterloo-Iowa City & Dubuque IA,29.5
2015,Champaign & Springfield-Decatur IL,26.9
2015,Charleston SC,56.89
2015,Charleston-Huntington WV,42.53
2015,Charlotte NC,56.03
2015,Chattanooga TN,49.88
2015,Chicago IL,51.61
2015,Chico-Redding CA,59.8
2015,Cincinnati OH,39.83
2015,Cleveland-Akron (Canton) OH,42.33
2015,Colorado Springs-Pueblo CO,34.75
2015,Columbia SC,48.69
2015,Columbus OH,47.31
2015,Dallas-Ft. Worth TX,54.09
2015,Davenport IA-Rock Island-Moline IL,40.71
2015,Dayton OH,41.33
2015,Denver CO,54.28
2015,Des Moines-Ames IA,29.14
2015,Detroit MI,65.94
2015,El Paso TX,28.0
2015,Eugene OR,44.53
2015,Flint-Saginaw-Bay City MI,24.67
2015,Florence-Myrtle Beach SC,72.12
2015,Fresno-Visalia CA,70.36
2015,Ft. Myers-Naples FL,30.75
2015,Ft. Smith-Fayetteville-Springdale-Rogers AR,34.39
2015,Ft. Wayne IN,30.0
2015,Grand Rapids-Kalamazoo-Battle Creek MI,27.81
2015,Green Bay-Appleton WI,41.36
2015,Greensboro-High Point-Winston Salem NC,49.67
2015,Greenville-New Bern-Washington NC,27.4
2015,Greenville-Spartanburg SC-Asheville NC-Anderson SC,30.64
2015,Harlingen-Weslaco-Brownsville-McAllen TX,25.24
2015,Harrisburg-Lancaster-Lebanon-York PA,31.72
2015,Hartford & New Haven CT,55.56
2015,Honolulu HI,71.17
2015,Houston TX,64.82
2015,Huntsville-Decatur (Florence) AL,49.44
2015,Idaho Falls-Pocatello ID,52.0
2015,Indianapolis IN,46.19
2015,Jackson MS,41.33
2015,Jacksonville FL,56.08
2015,Johnstown-Altoona PA,21.0
2015,Jonesboro AR,100.0
2015,Kansas City MO,58.36
2015,Knoxville TN,44.69
2015,La Crosse-Eau Claire WI,16.0
2015,Lansing MI,33.35
2015,Las Vegas NV,75.0
2015,Lexington KY,48.86
2015,Lincoln & Hastings-Kearney NE,43.65
2015,Little Rock-Pine Bluff AR,61.92
2015,Los Angeles CA,75.0
2015,Louisville KY,47.25
2015,Lubbock TX,71.0
2015,Macon GA,37.75
2015,Madison WI,48.36
2015,Medford-Klamath Falls OR,33.0
2015,Memphis TN,36.48
2015,Miami-Ft. Lauderdale FL,58.03
2015,Milwaukee WI,78.15
2015,Minneapolis-St. Paul MN,45.36
2015,Missoula MT,49.4
2015,Mobile AL-Pensacola (Ft. Walton Beach) FL,27.56
2015,Monterey-Salinas CA,51.22
2015,Montgomery (Selma) AL,47.8
2015,Nashville TN,44.73
2015,New Orleans LA,53.55
2015,New York NY,44.64
2015,Norfolk-Portsmouth-Newport News VA,47.08
2015,Oklahoma City OK,57.15
2015,Omaha NE,52.79
2015,Orlando-Daytona Beach-Melbourne FL,56.0
2015,Paducah KY-Cape Girardeau MO-Harrisburg-Mount Vernon IL,45.15
2015,Peoria-Bloomington IL,32.97
2015,Philadelphia PA,43.92
2015,Phoenix AZ,54.36
2015,Pittsburgh PA,41.92
2015,Portland OR,49.25
2015,Portland-Auburn ME,29.78
2015,Providence RI-New Bedford MA,59.03
2015,Raleigh-Durham (Fayetteville) NC,42.19
2015,Reno NV,69.42
2015,Richmond-Petersburg VA,33.97
2015,Roanoke-Lynchburg VA,8.73
2015,Rochester MN-Mason City IA-Austin MN,26.0
2015,Rochester NY,47.39
2015,Sacramento-Stockton-Modesto CA,82.06
2015,Salt Lake City UT,59.28
2015,San Antonio TX,65.0
2015,San Diego CA,66.64
2015,San Francisco-Oakland-San Jose CA,73.67
2015,Santa Barbara-Santa Maria-San Luis Obispo CA,33.71
2015,Savannah GA,28.72
2015,Seattle-Tacoma WA,72.06
2015,Shreveport LA,44.37
2015,Sioux Falls(Mitchell) SD,50.26
2015,South Bend-Elkhart IN,36.5
2015,Spokane WA,45.11
2015,Springfield MO,30.85
2015,Springfield-Holyoke MA,29.06
2015,St. Louis MO,63.85
2015,Syracuse NY,25.75
2015,Tallahassee FL-Thomasville GA,55.25
2015,Tampa-St. Petersburg (Sarasota) FL,54.64
2015,Toledo OH,26.86
2015,Topeka KS,29.0
2015,Traverse City-Cadillac MI,43.0
2015,Tri-Cities TN-VA,49.2
2015,Tucson (Sierra Vista) AZ,52.17
2015,Tulsa OK,47.88
2015,Tyler-Longview(Lufkin & Nacogdoches) TX,36.0
2015,Waco-Temple-Bryan TX,58.82
2015,Washington DC (Hagerstown MD),39.61
2015,West Palm Beach-Ft. Pierce FL,39.81
2015,Wichita-Hutchinson KS,61.27
2015,Wilkes Barre-Scranton PA,39.06
2015,Wilmington NC,47.0
2015,Yakima-Pasco-Richland-Kennewick WA,24.61
2015,Youngstown OH,78.0
2016,Abilene-Sweetwater TX,61.13
2016,Albany-Schenectady-Troy NY,47.94
2016,Albuquerque-Santa Fe NM,76.09
2016,Amarillo TX,46.64
2016,Anchorage AK,42.5
2016,Atlanta GA,62.48
2016,Augusta GA,52.97
2016,Austin TX,37.33
2016,Bakersfield CA,97.7
2016,Baltimore MD,66.48
2016,Baton Rouge LA,45.24
2016,Beaumont-Port Arthur TX,41.0
2016,Birmingham AL,52.03
2016,Bluefield-Beckley-Oak Hill WV,76.0
2016,Boise ID,27.0
2016,Boston MA-Manchester NH,38.55
2016,Buffalo NY,36.0
2016,Burlington VT-Plattsburgh NY,32.15
2016,Cedar Rapids-Waterloo-Iowa City & Dubuque IA,21.0
2016,Champaign & Springfield-Decatur IL,33.1
2016,Charleston SC,56.76
2016,Charleston-Huntington WV,44.91
2016,Charlotte NC,55.73
2016,Charlottesville VA,32.0
2016,Chattanooga TN,41.27
2016,Chicago IL,52.27
2016,Chico-Redding CA,58.0
2016,Cincinnati OH,56.52
2016,Cleveland-Akron (Canton) OH,55.18
2016,Colorado Springs-Pueblo CO,63.79
2016,Columbia SC,47.24
2016,Columbia-Jefferson City MO,27.5
2016,Columbus GA,39.5
2016,Columbus OH,46.64
2016,Corpus Christi TX,28.5
2016,Dallas-Ft. Worth TX,55.97
2016,Davenport IA-Rock Island-Moline IL,38.97
2016,Dayton OH,49.61
2016,Denver CO,60.58
2016,Des Moines-Ames IA,48.85
2016,Detroit MI,58.82
2016,El Paso TX,38.76
2016,Eugene OR,53.48
2016,Evansville IN,13.0
2016,Fargo-Valley City ND,32.0
2016,Flint-Saginaw-Bay City MI,28.34
2016,Florence-Myrtle Beach SC,36.31
2016,Fresno-Visalia CA,84.88
2016,Ft. Myers-Naples FL,61.18
2016,Ft. Smith-Fayetteville-Springdale-Rogers AR,35.42
2016,Ft. Wayne IN,20.5
2016,Grand Rapids-Kalamazoo-Battle Creek MI,36.61
2016,Green Bay-Appleton WI,37.42
2016,Greensboro-High Point-Winston Salem NC,52.52
2016,Greenville-New Bern-Washington NC,20.5
2016,Greenville-Spartanburg SC-Asheville NC-Anderson SC,58.36
2016,Harlingen-Weslaco-Brownsville-McAllen TX,33.12
2016,Harrisburg-Lancaster-Lebanon-York PA,30.12
2016,Hartford & New Haven CT,59.45
2016,Honolulu HI,52.06
2016,Houston TX,61.82
2016,Huntsville-Decatur (Florence) AL,38.82
2016,Indianapolis IN,47.85
2016,Jackson MS,44.11
2016,Jacksonville FL,55.52
2016,Johnstown-Altoona PA,23.0
2016,Joplin MO-Pittsburg KS,53.5
2016,Kansas City MO,76.09
2016,Knoxville TN,42.79
2016,La Crosse-Eau Claire WI,15.0
2016,Lafayette LA,34.0
2016,Lansing MI,27.03
2016,Las Vegas NV,75.09
2016,Lexington KY,39.0
2016,Lima OH,100.0
2016,Lincoln & Hastings-Kearney NE,53.12
2016,Little Rock-Pine Bluff AR,48.61
2016,Los Angeles CA,81.06
2016,Louisville KY,64.42
2016,Lubbock TX,48.0
2016,Macon GA,30.5
2016,Madison WI,43.33
2016,Medford-Klamath Falls OR,25.0
2016,Memphis TN,66.73
2016,Miami-Ft. Lauderdale FL,62.73
2016,Milwaukee WI,72.61
2016,Minneapolis-St. Paul MN,38.55
2016,Minot-Bismarck-Dickinson(Williston) ND,40.5
2016,Mobile AL-Pensacola (Ft. Walton Beach) FL,43.3
2016,Monroe LA-El Dorado AR,60.0
2016,Monterey-Salinas CA,83.64
2016,Montgomery (Selma) AL,39.5
2016,Nashville TN,48.39
2016,New Orleans LA,55.18
2016,New York NY,43.91
2016,Norfolk-Portsmouth-Newport News VA,52.42
2016,Odessa-Midland TX,43.5
2016,Oklahoma City OK,58.27
2016,Omaha NE,69.73
2016,Orlando-Daytona Beach-Melbourne FL,58.45
2016,Paducah KY-Cape Girardeau MO-Harrisburg-Mount Vernon IL,31.27
2016,Palm Springs CA,40.5
2016,Panama City FL,34.0
2016,Peoria-Bloomington IL,26.66
2016,Philadelphia PA,48.97
2016,Phoenix AZ,57.55
2016,Pittsburgh PA,37.55
2016,Portland OR,73.15
2016,Portland-Auburn ME,14.58
2016,Providence RI-New Bedford MA,46.67
2016,Raleigh-Durham (Fayetteville) NC,37.03
2016,Reno NV,69.7
2016,Richmond-Petersburg VA,40.45
2016,Roanoke-Lynchburg VA,46.79
2016,Rochester MN-Mason City IA-Austin MN,20.0
2016,Rochester NY,37.55
2016,Rockford IL,38.0
2016,Sacramento-Stockton-Modesto CA,87.36
2016,Salt Lake City UT,58.27
2016,San Antonio TX,62.64
2016,San Diego CA,80.42
2016,San Francisco-Oakland-San Jose CA,71.0
2016,Santa Barbara-Santa Maria-San Luis Obispo CA,60.06
2016,Savannah GA,48.27
2016,Seattle-Tacoma WA,82.27
2016,Shreveport LA,51.3
2016,Sioux Falls(Mitchell) SD,38.15
2016,South Bend-Elkhart IN,26.5
2016,Spokane WA,56.55
2016,Springfield MO,53.36
2016,Springfield-Holyoke MA,46.73
2016,St. Louis MO,59.61
2016,Syracuse NY,26.55
2016,Tallahassee FL-Thomasville GA,25.0
2016,Tampa-St. Petersburg (Sarasota) FL,63.7
2016,Toledo OH,28.73
2016,Topeka KS,40.5
2016,Tri-Cities TN-VA,24.5
2016,Tucson (Sierra Vista) AZ,57.24
2016,Tulsa OK,82.42
2016,Tyler-Longview(Lufkin & Nacogdoches) TX,22.5
2016,Waco-Temple-Bryan TX,40.45
2016,Washington DC (Hagerstown MD),45.88
2016,Wausau-Rhinelander WI,18.0
2016,West Palm Beach-Ft. Pierce FL,59.3
2016,Wichita-Hutchinson KS,51.97
2016,Wilkes Barre-Scranton PA,41.24
2016,Yakima-Pasco-Richland-Kennewick WA,66.61
2016,Youngstown OH,25.0
2017,Abilene-Sweetwater TX,40.13
2017,Albany-Schenectady-Troy NY,31.88
2017,Albuquerque-Santa Fe NM,73.84
2017,Amarillo TX,49.12
2017,Anchorage AK,79.0
2017,Atlanta GA,46.66
2017,Augusta GA,31.97
2017,Austin TX,37.66
2017,Bakersfield CA,100.0
2017,Baltimore MD,43.59
2017,Baton Rouge LA,30.62
2017,Beaumont-Port Arthur TX,51.0
2017,Biloxi-Gulfport MS,55.0
2017,Birmingham AL,38.69
2017,Boise ID,35.9
2017,Boston MA-Manchester NH,28.81
2017,Buffalo NY,26.84
2017,Burlington VT-Plattsburgh NY,26.53
2017,Cedar Rapids-Waterloo-Iowa City & Dubuque IA,29.0
2017,Champaign & Springfield-Decatur IL,34.66
2017,Charleston SC,39.97
2017,Charleston-Huntington WV,33.81
2017,Charlotte NC,47.72
2017,Charlottesville VA,46.0
2017,Chattanooga TN,53.25
2017,Chicago IL,47.53
2017,Chico-Redding CA,47.5
2017,Cincinnati OH,38.34
2017,Clarksburg-Weston WV,95.0
2017,Cleveland-Akron (Canton) OH,39.22
2017,Colorado Springs-Pueblo CO,52.78
2017,Columbia SC,49.69
2017,Columbia-Jefferson City MO,50.5
2017,Columbus GA,32.0
2017,Columbus OH,37.91
2017,Columbus-Tupelo-West Point MS,51.5
2017,Corpus Christi TX,56.0
2017,Dallas-Ft. Worth TX,41.25
2017,Davenport IA-Rock Island-Moline IL,30.69
2017,Dayton OH,43.16
2017,Denver CO,49.66
2017,Des Moines-Ames IA,34.69
2017,Detroit MI,44.16
2017,Dothan AL,68.0
2017,Duluth MN-Superior WI,51.0
2017,El Paso TX,39.19
2017,Erie PA,44.0
2017,Eugene OR,67.03
2017,Evansville IN,32.0
2017,Fargo-Valley City ND,32.5
2017,Flint-Saginaw-Bay City MI,36.12
2017,Florence-Myrtle Beach SC,36.87
2017,Fresno-Visalia CA,62.09
2017,Ft. Myers-Naples FL,38.09
2017,Ft. Smith-Fayetteville-Springdale-Rogers AR,24.44
2017,Ft. Wayne IN,44.5
2017,Gainesville FL,35.0
2017,Grand Rapids-Kalamazoo-Battle Creek MI,27.97
2017,Green Bay-Appleton WI,21.22
2017,Greensboro-High Point-Winston Salem NC,34.03
2017,Greenville-New Bern-Washington NC,30.5
2017,Greenville-Spartanburg SC-Asheville NC-Anderson SC,38.09
2017,Harlingen-Weslaco-Brownsville-McAllen TX,23.91
2017,Harrisburg-Lancaster-Lebanon-York PA,22.59
2017,Hartford & New Haven CT,52.75
2017,Hattiesburg-Laurel MS,50.0
2017,Honolulu HI,42.34
2017,Houston TX,49.06
2017,Huntsville-Decatur (Florence) AL,31.22
2017,Indianapolis IN,40.06
2017,Jackson MS,48.25
2017,Jacksonville FL,36.69
2017,Johnstown-Altoona PA,28.0
2017,Kansas City MO,58.31
2017,Knoxville TN,28.94
2017,La Crosse-Eau Claire WI,29.5
2017,Lafayette LA,37.0
2017,Lake Charles LA,63.5
2017,Lansing MI,25.59
2017,Las Vegas NV,70.34
2017,Lexington KY,37.06
2017,Lincoln & Hastings-Kearney NE,43.94
2017,Little Rock-Pine Bluff AR,48.78
2017,Los Angeles CA,58.22
2017,Louisville KY,46.25
2017,Lubbock TX,53.0
2017,Macon GA,32.0
2017,Madison WI,26.72
2017,Medford-Klamath Falls OR,53.5
2017,Memphis TN,50.53
2017,Miami-Ft. Lauderdale FL,56.28
2017,Milwaukee WI,61.97
2017,Minneapolis-St. Paul MN,39.03
2017,Minot-Bismarck-Dickinson(Williston) ND,47.0
2017,Missoula MT,46.0
2017,Mobile AL-Pensacola (Ft. Walton Beach) FL,40.81
2017,Monterey-Salinas CA,35.38
2017,Montgomery (Selma) AL,47.5
2017,Nashville TN,44.28
2017,New Orleans LA,49.44
2017,New York NY,34.5
2017,Norfolk-Portsmouth-Newport News VA,38.09
2017,Odessa-Midland TX,47.5
2017,Oklahoma City OK,53.09
2017,Omaha NE,37.22
2017,Orlando-Daytona Beach-Melbourne FL,45.78
2017,Paducah KY-Cape Girardeau MO-Harrisburg-Mount Vernon IL,30.19
2017,Palm Springs CA,63.5
2017,Panama City FL,42.0
2017,Peoria-Bloomington IL,31.62
2017,Philadelphia PA,36.72
2017,Phoenix AZ,49.91
2017,Pittsburgh PA,29.94
2017,Portland OR,61.75
2017,Portland-Auburn ME,29.62
2017,Providence RI-New Bedford MA,46.53
2017,Raleigh-Durham (Fayetteville) NC,28.81
2017,Reno NV,57.06
2017,Richmond-Petersburg VA,34.22
2017,Roanoke-Lynchburg VA,31.44
2017,Rochester MN-Mason City IA-Austin MN,44.0
2017,Rochester NY,28.16
2017,Rockford IL,32.0
2017,Sacramento-Stockton-Modesto CA,70.19
2017,Salisbury MD,37.0
2017,Salt Lake City UT,41.72
2017,San Antonio TX,43.91
2017,San Diego CA,55.56
2017,San Francisco-Oakland-San Jose CA,59.56
2017,Santa Barbara-Santa Maria-San Luis Obispo CA,33.28
2017,Savannah GA,31.5
2017,Seattle-Tacoma WA,58.19
2017,Sherman TX-Ada OK,71.5
2017,Shreveport LA,50.22
2017,Sioux Falls(Mitchell) SD,21.65
2017,South Bend-Elkhart IN,42.0
2017,Spokane WA,57.91
2017,Springfield MO,41.03
2017,Springfield-Holyoke MA,30.81
2017,St. Louis MO,51.47
2017,Syracuse NY,18.5
2017,Tallahassee FL-Thomasville GA,38.5
2017,Tampa-St. Petersburg (Sarasota) FL,46.81
2017,Terre Haute IN,80.0
2017,Toledo OH,19.97
2017,Topeka KS,43.0
2017,Traverse City-Cadillac MI,27.0
2017,Tri-Cities TN-VA,41.5
2017,Tucson (Sierra Vista) AZ,52.16
2017,Tulsa OK,44.0
2017,Tyler-Longview(Lufkin & Nacogdoches) TX,52.0
2017,Waco-Temple-Bryan TX,43.0
2017,Washington DC (Hagerstown MD),32.94
2017,West Palm Beach-Ft. Pierce FL,51.44
2017,Wichita Falls TX & Lawton OK,55.0
2017,Wichita-Hutchinson KS,50.12
2017,Wilkes Barre-Scranton PA,27.19
2017,Wilmington NC,34.5
2017,Yakima-Pasco-Richland-Kennewick WA,58.5
2017,Youngstown OH,55.0
2017,Yuma AZ-El Centro CA,57.0
2018,Abilene-Sweetwater TX,42.17
2018,Albany GA,32.0
2018,Albany-Schenectady-Troy NY,36.12
2018,Albuquerque-Santa Fe NM,84.21
2018,Amarillo TX,51.39
2018,Anchorage AK,86.5
2018,Atlanta GA,62.27
2018,Augusta GA,55.48
2018,Austin TX,48.55
2018,Bakersfield CA,94.7
2018,Baltimore MD,54.36
2018,Bangor ME,38.0
2018,Baton Rouge LA,52.79
2018,Beaumont-Port Arthur TX,42.5
2018,Bend OR,46.0
2018,"Billings, MT",86.0
2018,Birmingham AL,50.58
2018,Boise ID,38.32
2018,Boston MA-Manchester NH,33.06
2018,Bowling Green KY,50.0
2018,Buffalo NY,43.82
2018,Burlington VT-Plattsburgh NY,32.33
2018,Cedar Rapids-Waterloo-Iowa City & Dubuque IA,25.5
2018,Champaign & Springfield-Decatur IL,25.88
2018,Charleston SC,61.73
2018,Charleston-Huntington WV,40.24
2018,Charlotte NC,54.64
2018,Chattanooga TN,50.61
2018,Cheyenne WY-Scottsbluff NE,100.0
2018,Chicago IL,49.85
2018,Chico-Redding CA,60.5
2018,Cincinnati OH,45.33
2018,Cleveland-Akron (Canton) OH,46.03
2018,Colorado Springs-Pueblo CO,86.15
2018,Columbia SC,58.94
2018,Columbia-Jefferson City MO,42.5
2018,Columbus GA,31.5
2018,Columbus OH,49.0
2018,Corpus Christi TX,44.0
2018,Dallas-Ft. Worth TX,49.52
2018,Davenport IA-Rock Island-Moline IL,63.48
2018,Dayton OH,55.97
2018,Denver CO,62.45
2018,Des Moines-Ames IA,39.24
2018,Detroit MI,42.39
2018,Duluth MN-Superior WI,38.0
2018,El Paso TX,47.18
2018,Eugene OR,43.7
2018,Eureka CA,78.5
2018,Evansville IN,26.5
2018,Fargo-Valley City ND,30.5
2018,Flint-Saginaw-Bay City MI,35.0
2018,Florence-Myrtle Beach SC,43.62
2018,Fresno-Visalia CA,88.3
2018,Ft. Myers-Naples FL,51.64
2018,Ft. Smith-Fayetteville-Springdale-Rogers AR,41.0
2018,Ft. Wayne IN,24.5
2018,Gainesville FL,33.5
2018,Grand Rapids-Kalamazoo-Battle Creek MI,41.79
2018,Green Bay-Appleton WI,32.55
2018,Greensboro-High Point-Winston Salem NC,53.21
2018,Greenville-New Bern-Washington NC,27.5
2018,Greenville-Spartanburg SC-Asheville NC-Anderson SC,52.88
2018,Harlingen-Weslaco-Brownsville-McAllen TX,22.33
2018,Harrisburg-Lancaster-Lebanon-York PA,38.64
2018,Hartford & New Haven CT,73.18
2018,Honolulu HI,58.76
2018,Houston TX,57.82
2018,Huntsville-Decatur (Florence) AL,47.18
2018,Indianapolis IN,53.15
2018,Jackson MS,40.11
2018,Jacksonville FL,54.48
2018,Johnstown-Altoona PA,33.5
2018,Joplin MO-Pittsburg KS,51.0
2018,Kansas City MO,68.15
2018,Knoxville TN,45.76
2018,La Crosse-Eau Claire WI,24.0
2018,Lafayette LA,27.5
2018,Lansing MI,36.52
2018,Las Vegas NV,81.24
2018,Lexington KY,43.15
2018,Lincoln & Hastings-Kearney NE,39.53
2018,Little Rock-Pine Bluff AR,49.27
2018,Los Angeles CA,72.0
2018,Louisville KY,61.85
2018,Lubbock TX,48.0
2018,Macon GA,48.0
2018,Madison WI,59.61
2018,Marquette MI,77.0
2018,Medford-Klamath Falls OR,37.5
2018,Memphis TN,81.94
2018,Miami-Ft. Lauderdale FL,54.67
2018,Milwaukee WI,63.3
2018,Minneapolis-St. Paul MN,47.18
2018,Mobile AL-Pensacola (Ft. Walton Beach) FL,41.27
2018,Monroe LA-El Dorado AR,39.0
2018,Monterey-Salinas CA,75.0
2018,Montgomery (Selma) AL,46.5
2018,Nashville TN,59.58
2018,New Orleans LA,60.64
2018,New York NY,43.12
2018,Norfolk-Portsmouth-Newport News VA,54.39
2018,Odessa-Midland TX,25.5
2018,Oklahoma City OK,61.91
2018,Omaha NE,53.73
2018,Orlando-Daytona Beach-Melbourne FL,50.94
2018,Paducah KY-Cape Girardeau MO-Harrisburg-Mount Vernon IL,42.85
2018,Palm Springs CA,63.5
2018,Panama City FL,48.0
2018,Peoria-Bloomington IL,40.03
2018,Philadelphia PA,44.33
2018,Phoenix AZ,51.3
2018,Pittsburgh PA,25.3
2018,Portland OR,83.15
2018,Portland-Auburn ME,30.33
2018,Providence RI-New Bedford MA,39.85
2018,Raleigh-Durham (Fayetteville) NC,39.15
2018,Rapid City SD,43.0
2018,Reno NV,48.03
2018,Richmond-Petersburg VA,57.12
2018,Roanoke-Lynchburg VA,37.27
2018,Rochester MN-Mason City IA-Austin MN,32.5
2018,Rochester NY,46.58
2018,Rockford IL,31.0
2018,Sacramento-Stockton-Modesto CA,94.24
2018,Salt Lake City UT,49.15
2018,San Antonio TX,63.52
2018,San Diego CA,71.79
2018,San Francisco-Oakland-San Jose CA,67.7
2018,Santa Barbara-Santa Maria-San Luis Obispo CA,50.76
2018,Savannah GA,52.3
2018,Seattle-Tacoma WA,68.33
2018,Sherman TX-Ada OK,51.5
2018,Shreveport LA,53.42
2018,Sioux City IA,40.0
2018,Sioux Falls(Mitchell) SD,39.09
2018,South Bend-Elkhart IN,30.0
2018,Spokane WA,61.52
2018,Springfield MO,61.67
2018,Springfield-Holyoke MA,46.21
2018,St. Louis MO,54.67
2018,Syracuse NY,40.39
2018,Tallahassee FL-Thomasville GA,37.0
2018,Tampa-St. Petersburg (Sarasota) FL,58.15
2018,Terre Haute IN,50.5
2018,Toledo OH,48.24
2018,Topeka KS,26.5
2018,Tri-Cities TN-VA,37.5
2018,Tucson (Sierra Vista) AZ,50.91
2018,Tulsa OK,95.21
2018,Tyler-Longview(Lufkin & Nacogdoches) TX,45.5
2018,Waco-Temple-Bryan TX,39.82
2018,Washington DC (Hagerstown MD),37.42
2018,Watertown NY,41.0
2018,Wausau-Rhinelander WI,32.5
2018,West Palm Beach-Ft. Pierce FL,58.42
2018,Wichita Falls TX & Lawton OK,54.0
2018,Wichita-Hutchinson KS,68.91
2018,Wilkes Barre-Scranton PA,39.39
2018,Wilmington NC,32.0
2018,Yakima-Pasco-Richland-Kennewick WA,43.21
2018,Youngstown OH,43.5
2018,Yuma AZ-El Centro CA,46.5
2019,Abilene-Sweetwater TX,61.22
2019,Albany GA,51.0
2019,Albany-Schenectady-Troy NY,43.0
2019,Albuquerque-Santa Fe NM,77.62
2019,Amarillo TX,65.06
2019,Anchorage AK,83.5
2019,Atlanta GA,66.81
2019,Augusta GA,54.88
2019,Austin TX,48.34
2019,Bakersfield CA,95.03
2019,Baltimore MD,52.12
2019,Baton Rouge LA,46.31
2019,Beaumont-Port Arthur TX,81.0
2019,"Billings, MT",59.0
2019,Biloxi-Gulfport MS,46.0
2019,Binghamton NY,51.0
2019,Birmingham AL,57.88
2019,Boise ID,44.33
2019,Boston MA-Manchester NH,33.97
2019,Buffalo NY,46.09
2019,Burlington VT-Plattsburgh NY,31.59
2019,Butte-Bozeman MT,90.0
2019,Cedar Rapids-Waterloo-Iowa City & Dubuque IA,37.0
2019,Champaign & Springfield-Decatur IL,37.16
2019,Charleston SC,59.22
2019,Charleston-Huntington WV,53.41
2019,Charlotte NC,60.94
2019,Chattanooga TN,48.88
2019,Chicago IL,59.25
2019,Chico-Redding CA,99.5
2019,Cincinnati OH,51.53
2019,Cleveland-Akron (Canton) OH,48.91
2019,Colorado Springs-Pueblo CO,90.47
2019,Columbia SC,51.31
2019,Columbia-Jefferson City MO,55.0
2019,Columbus GA,55.0
2019,Columbus OH,60.19
2019,Columbus-Tupelo-West Point MS,41.0
2019,Corpus Christi TX,50.5
2019,Dallas-Ft. Worth TX,61.06
2019,Davenport IA-Rock Island-Moline IL,57.62
2019,Dayton OH,69.44
2019,Denver CO,72.69
2019,Des Moines-Ames IA,39.28
2019,Detroit MI,57.62
2019,Duluth MN-Superior WI,35.0
2019,El Paso TX,48.25
2019,Eugene OR,66.5
2019,Evansville IN,40.0
2019,Fargo-Valley City ND,68.0
2019,Flint-Saginaw-Bay City MI,32.66
2019,Florence-Myrtle Beach SC,47.19
2019,Fresno-Visalia CA,74.66
2019,Ft. Myers-Naples FL,50.03
2019,Ft. Smith-Fayetteville-Springdale-Rogers AR,61.72
2019,Ft. Wayne IN,42.0
2019,Gainesville FL,56.0
2019,Grand Rapids-Kalamazoo-Battle Creek MI,45.44
2019,Green Bay-Appleton WI,30.34
2019,Greensboro-High Point-Winston Salem NC,70.44
2019,Greenville-New Bern-Washington NC,50.5
2019,Greenville-Spartanburg SC-Asheville NC-Anderson SC,53.03
2019,Harlingen-Weslaco-Brownsville-McAllen TX,21.94
2019,Harrisburg-Lancaster-Lebanon-York PA,37.72
2019,Hartford & New Haven CT,71.44
2019,Honolulu HI,61.34
2019,Houston TX,63.84
2019,Huntsville-Decatur (Florence) AL,40.91
2019,Indianapolis IN,47.94
2019,Jackson MS,39.62
2019,Jacksonville FL,62.84
2019,Johnstown-Altoona PA,36.5
2019,Kansas City MO,71.84
2019,Knoxville TN,48.78
2019,La Crosse-Eau Claire WI,25.0
2019,Lafayette LA,47.5
2019,Lansing MI,48.78
2019,Las Vegas NV,82.28
2019,Lexington KY,40.62
2019,Lincoln & Hastings-Kearney NE,51.94
2019,Little Rock-Pine Bluff AR,48.69
2019,Los Angeles CA,71.78
2019,Louisville KY,60.88
2019,Lubbock TX,80.0
2019,Macon GA,45.0
2019,Madison WI,56.81
2019,Medford-Klamath Falls OR,74.5
2019,Memphis TN,67.19
2019,Miami-Ft. Lauderdale FL,64.44
2019,Milwaukee WI,53.53
2019,Minneapolis-St. Paul MN,50.69
2019,Minot-Bismarck-Dickinson(Williston) ND,50.0
2019,Missoula MT,74.0
2019,Mobile AL-Pensacola (Ft. Walton Beach) FL,62.28
2019,Monterey-Salinas CA,78.31
2019,Montgomery (Selma) AL,54.5
2019,Nashville TN,61.62
2019,New Orleans LA,57.94
2019,New York NY,41.47
2019,Norfolk-Portsmouth-Newport News VA,56.62
2019,Odessa-Midland TX,52.0
2019,Oklahoma City OK,63.03
2019,Omaha NE,66.16
2019,Orlando-Daytona Beach-Melbourne FL,61.38
2019,Paducah KY-Cape Girardeau MO-Harrisburg-Mount Vernon IL,63.81
2019,Palm Springs CA,57.0
2019,Panama City FL,44.0
2019,Peoria-Bloomington IL,48.94
2019,Philadelphia PA,48.81
2019,Phoenix AZ,62.16
2019,Pittsburgh PA,35.62
2019,Portland OR,87.69
2019,Portland-Auburn ME,22.44
2019,Providence RI-New Bedford MA,48.16
2019,Raleigh-Durham (Fayetteville) NC,45.09
2019,Reno NV,70.88
2019,Richmond-Petersburg VA,54.5
2019,Roanoke-Lynchburg VA,47.69
2019,Rochester MN-Mason City IA-Austin MN,35.0
2019,Rochester NY,38.09
2019,Rockford IL,38.5
2019,Sacramento-Stockton-Modesto CA,89.75
2019,Salisbury MD,35.0
2019,Salt Lake City UT,50.72
2019,San Antonio TX,61.12
2019,San Diego CA,83.31
2019,San Francisco-Oakland-San Jose CA,77.94
2019,Santa Barbara-Santa Maria-San Luis Obispo CA,64.28
2019,Savannah GA,36.28
2019,Seattle-Tacoma WA,80.12
2019,Shreveport LA,49.66
2019,Sioux City IA,46.0
2019,Sioux Falls(Mitchell) SD,52.31
2019,South Bend-Elkhart IN,48.0
2019,Spokane WA,53.84
2019,Springfield MO,58.12
2019,Springfield-Holyoke MA,54.09
2019,St. Louis MO,74.22
2019,Syracuse NY,43.31
2019,Tallahassee FL-Thomasville GA,39.5
2019,Tampa-St. Petersburg (Sarasota) FL,52.69
2019,Toledo OH,37.81
2019,Topeka KS,64.0
2019,Traverse City-Cadillac MI,55.5
2019,Tri-Cities TN-VA,44.0
2019,Tucson (Sierra Vista) AZ,63.5
2019,Tulsa OK,97.09
2019,Tyler-Longview(Lufkin & Nacogdoches) TX,52.0
2019,Waco-Temple-Bryan TX,62.12
2019,Washington DC (Hagerstown MD),42.12
2019,West Palm Beach-Ft. Pierce FL,50.19
2019,Wichita Falls TX & Lawton OK,44.0
2019,Wichita-Hutchinson KS,53.44
2019,Wilkes Barre-Scranton PA,46.06
2019,Wilmington NC,34.0
2019,Yakima-Pasco-Richland-Kennewick WA,67.16
2019,Youngstown OH,44.0
2019,Yuma AZ-El Centro CA,58.5
2020,Abilene-Sweetwater TX,21.77
2020,Albany GA,47.0
2020,Albany-Schenectady-Troy NY,30.73
2020,Albuquerque-Santa Fe NM,56.77
2020,Amarillo TX,46.25
2020,Anchorage AK,52.6
2020,Atlanta GA,49.82
2020,Augusta GA,45.33
2020,Austin TX,46.78
2020,Bakersfield CA,98.94
2020,Baltimore MD,46.61
2020,Baton Rouge LA,42.0
2020,Beaumont-Port Arthur TX,81.4
2020,Bend OR,50.75
2020,"Billings, MT",38.4
2020,Biloxi-Gulfport MS,33.4
2020,Birmingham AL,49.38
2020,Boise ID,23.91
2020,Boston MA-Manchester NH,36.42
2020,Bowling Green KY,45.0
2020,Buffalo NY,44.58
2020,Burlington VT-Plattsburgh NY,29.64
2020,Butte-Bozeman MT,59.0
2020,Cedar Rapids-Waterloo-Iowa City & Dubuque IA,38.5
2020,Champaign & Springfield-Decatur IL,38.81
2020,Charleston SC,56.61
2020,Charleston-Huntington WV,27.06
2020,Charlotte NC,48.48
2020,Chattanooga TN,42.22
2020,Cheyenne WY-Scottsbluff NE,64.0
2020,Chicago IL,53.09
2020,Chico-Redding CA,63.8
2020,Cincinnati OH,44.03
2020,Clarksburg-Weston WV,45.0
2020,Cleveland-Akron (Canton) OH,39.55
2020,Colorado Springs-Pueblo CO,66.54
2020,Columbia SC,58.97
2020,Columbia-Jefferson City MO,44.0
2020,Columbus GA,29.0
2020,Columbus OH,43.09
2020,Corpus Christi TX,30.5
2020,Dallas-Ft. Worth TX,46.88
2020,Davenport IA-Rock Island-Moline IL,59.94
2020,Dayton OH,45.18
2020,Denver CO,67.14
2020,Des Moines-Ames IA,37.77
2020,Detroit MI,45.82
2020,Duluth MN-Superior WI,30.0
2020,El Paso TX,40.06
2020,Erie PA,42.0
2020,Eugene OR,54.69
2020,Eureka CA,72.2
2020,Evansville IN,22.0
2020,Fairbanks AK,100.0
2020,Fargo-Valley City ND,40.6
2020,Flint-Saginaw-Bay City MI,28.45
2020,Florence-Myrtle Beach SC,35.41
2020,Fresno-Visalia CA,71.46
2020,Ft. Myers-Naples FL,36.18
2020,Ft. Smith-Fayetteville-Springdale-Rogers AR,40.44
2020,Ft. Wayne IN,33.0
2020,Gainesville FL,36.5
2020,Grand Junction-Montrose CO,63.0
2020,Grand Rapids-Kalamazoo-Battle Creek MI,42.91
2020,Green Bay-Appleton WI,26.5
2020,Greensboro-High Point-Winston Salem NC,34.73
2020,Greenville-New Bern-Washington NC,28.5
2020,Greenville-Spartanburg SC-Asheville NC-Anderson SC,49.64
2020,Harlingen-Weslaco-Brownsville-McAllen TX,25.88
2020,Harrisburg-Lancaster-Lebanon-York PA,28.15
2020,Harrisonburg VA,36.0
2020,Hartford & New Haven CT,67.39
2020,Hattiesburg-Laurel MS,70.4
2020,Honolulu HI,50.69
2020,Houston TX,58.5
2020,Huntsville-Decatur (Florence) AL,39.86
2020,Idaho Falls-Pocatello ID,40.0
2020,Indianapolis IN,53.48
2020,Jackson MS,43.91
2020,Jackson TN,61.0
2020,Jacksonville FL,46.61
2020,Johnstown-Altoona PA,22.5
2020,Jonesboro AR,45.0
2020,Joplin MO-Pittsburg KS,45.5
2020,Kansas City MO,66.91
2020,Knoxville TN,43.82
2020,La Crosse-Eau Claire WI,30.0
2020,Lafayette LA,47.0
2020,Lansing MI,52.3
2020,Laredo TX,33.0
2020,Las Vegas NV,70.4
2020,Lexington KY,42.88
2020,Lincoln & Hastings-Kearney NE,46.62
2020,Little Rock-Pine Bluff AR,46.37
2020,Los Angeles CA,62.43
2020,Louisville KY,63.55
2020,Lubbock TX,69.0
2020,Macon GA,40.0
2020,Madison WI,48.72
2020,Medford-Klamath Falls OR,38.2
2020,Memphis TN,66.94
2020,Miami-Ft. Lauderdale FL,47.91
2020,Milwaukee WI,50.31
2020,Minneapolis-St. Paul MN,56.53
2020,Minot-Bismarck-Dickinson(Williston) ND,35.0
2020,Mobile AL-Pensacola (Ft. Walton Beach) FL,45.89
2020,Monterey-Salinas CA,39.94
2020,Montgomery (Selma) AL,55.2
2020,Nashville TN,48.84
2020,New Orleans LA,65.47
2020,New York NY,40.21
2020,Norfolk-Portsmouth-Newport News VA,50.03
2020,Odessa-Midland TX,37.5
2020,Oklahoma City OK,52.81
2020,Omaha NE,49.47
2020,Orlando-Daytona Beach-Melbourne FL,46.21
2020,Paducah KY-Cape Girardeau MO-Harrisburg-Mount Vernon IL,36.91
2020,Palm Springs CA,45.6
2020,Panama City FL,32.0
2020,Parkersburg WV,100.0
2020,Peoria-Bloomington IL,32.62
2020,Philadelphia PA,44.06
2020,Phoenix AZ,51.69
2020,Pittsburgh PA,32.09
2020,Portland OR,72.91
2020,Portland-Auburn ME,40.91
2020,Providence RI-New Bedford MA,42.76
2020,Raleigh-Durham (Fayetteville) NC,44.0
2020,Rapid City SD,53.8
2020,Reno NV,47.97
2020,Richmond-Petersburg VA,45.67
2020,Roanoke-Lynchburg VA,33.44
2020,Rochester MN-Mason City IA-Austin MN,26.5
2020,Rochester NY,33.88
2020,Rockford IL,40.5
2020,Sacramento-Stockton-Modesto CA,75.6
2020,Salisbury MD,27.0
2020,Salt Lake City UT,48.71
2020,San Angelo TX,59.0
2020,San Antonio TX,57.56
2020,San Diego CA,63.8
2020,San Francisco-Oakland-San Jose CA,62.51
2020,Santa Barbara-Santa Maria-San Luis Obispo CA,31.71
2020,Savannah GA,46.06
2020,Seattle-Tacoma WA,62.54
2020,Sherman TX-Ada OK,51.5
2020,Shreveport LA,31.12
2020,Sioux City IA,44.5
2020,Sioux Falls(Mitchell) SD,29.51
2020,South Bend-Elkhart IN,32.0
2020,Spokane WA,38.23
2020,Springfield MO,47.44
2020,Springfield-Holyoke MA,41.39
2020,St. Louis MO,64.97
2020,Syracuse NY,32.3
2020,Tallahassee FL-Thomasville GA,55.5
2020,Tampa-St. Petersburg (Sarasota) FL,50.82
2020,Toledo OH,32.45
2020,Topeka KS,66.5
2020,Traverse City-Cadillac MI,27.0
2020,Tri-Cities TN-VA,38.0
2020,Tucson (Sierra Vista) AZ,42.54
2020,Tulsa OK,70.44
2020,Tyler-Longview(Lufkin & Nacogdoches) TX,32.6
2020,Utica NY,49.0
2020,Waco-Temple-Bryan TX,47.12
2020,Washington DC (Hagerstown MD),40.85
2020,Wausau-Rhinelander WI,27.8
2020,West Palm Beach-Ft. Pierce FL,38.7
2020,Wichita Falls TX & Lawton OK,53.5
2020,Wichita-Hutchinson KS,47.16
2020,Wilkes Barre-Scranton PA,34.62
2020,Wilmington NC,28.5
2020,Yakima-Pasco-Richland-Kennewick WA,41.91
2020,Youngstown OH,38.0
2020,Yuma AZ-El Centro CA,38.4
2021,Abilene-Sweetwater TX,26.55
2021,Albany GA,33.0
2021,Albany-Schenectady-Troy NY,21.36
2021,Albuquerque-Santa Fe NM,43.56
2021,Amarillo TX,40.17
2021,Anchorage AK,43.0
2021,Atlanta GA,44.5
2021,Augusta GA,35.92
2021,Austin TX,37.86
2021,Bakersfield CA,99.22
2021,Baltimore MD,34.42
2021,Bangor ME,38.75
2021,Baton Rouge LA,43.11
2021,Beaumont-Port Arthur TX,33.0
2021,Bend OR,31.0
2021,"Billings, MT",37.5
2021,Biloxi-Gulfport MS,25.75
2021,Binghamton NY,28.5
2021,Birmingham AL,35.17
2021,Bluefield-Beckley-Oak Hill WV,27.0
2021,Boise ID,23.24
2021,Boston MA-Manchester NH,28.67
2021,Bowling Green KY,33.75
2021,Buffalo NY,38.33
2021,Burlington VT-Plattsburgh NY,21.5
2021,Butte-Bozeman MT,38.0
2021,Cedar Rapids-Waterloo-Iowa City & Dubuque IA,23.0
2021,Champaign & Springfield-Decatur IL,33.94
2021,Charleston SC,29.83
2021,Charleston-Huntington WV,30.03
2021,Charlotte NC,41.19
2021,Chattanooga TN,46.58
2021,Cheyenne WY-Scottsbluff NE,59.0
2021,Chicago IL,45.08
2021,Chico-Redding CA,40.6
2021,Cincinnati OH,38.08
2021,Clarksburg-Weston WV,59.0
2021,Cleveland-Akron (Canton) OH,37.64
2021,Colorado Springs-Pueblo CO,51.5
2021,Columbia SC,46.47
2021,Columbia-Jefferson City MO,32.6
2021,Columbus GA,31.8
2021,Columbus OH,49.08
2021,Columbus-Tupelo-West Point MS,38.2
2021,Corpus Christi TX,18.2
2021,Dallas-Ft. Worth TX,40.19
2021,Davenport IA-Rock Island-Moline IL,42.03
2021,Dayton OH,33.97
2021,Denver CO,67.92
2021,Des Moines-Ames IA,36.56
2021,Detroit MI,39.44
2021,Dothan AL,40.0
2021,Duluth MN-Superior WI,41.0
2021,El Paso TX,36.14
2021,Elmira NY,34.0
2021,Erie PA,27.6
2021,Eugene OR,43.47
2021,Eureka CA,54.5
2021,Evansville IN,37.8
2021,Fargo-Valley City ND,16.0
2021,Flint-Saginaw-Bay City MI,29.61
2021,Florence-Myrtle Beach SC,25.69
2021,Fresno-Visalia CA,57.22
2021,Ft. Myers-Naples FL,31.19
2021,Ft. Smith-Fayetteville-Springdale-Rogers AR,35.31
2021,Ft. Wayne IN,33.8
2021,Gainesville FL,30.0
2021,Grand Junction-Montrose CO,60.2
2021,Grand Rapids-Kalamazoo-Battle Creek MI,36.42
2021,Green Bay-Appleton WI,18.5
2021,Greensboro-High Point-Winston Salem NC,35.75
2021,Greenville-New Bern-Washington NC,24.6
2021,Greenville-Spartanburg SC-Asheville NC-Anderson SC,33.47
2021,Harlingen-Weslaco-Brownsville-McAllen TX,20.08
2021,Harrisburg-Lancaster-Lebanon-York PA,25.83
2021,Harrisonburg VA,42.0
2021,Hartford & New Haven CT,50.19
2021,Honolulu HI,40.19
2021,Houston TX,38.25
2021,Huntsville-Decatur (Florence) AL,32.42
2021,Idaho Falls-Pocatello ID,26.5
2021,Indianapolis IN,41.03
2021,Jackson MS,40.17
2021,Jacksonville FL,34.44
2021,Johnstown-Altoona PA,13.2
2021,Joplin MO-Pittsburg KS,43.8
2021,Kansas City MO,53.06
2021,Knoxville TN,32.42
2021,La Crosse-Eau Claire WI,21.2
2021,Lafayette LA,28.0
2021,Lansing MI,24.75
2021,Las Vegas NV,60.92
2021,Lexington KY,32.61
2021,Lincoln & Hastings-Kearney NE,31.63
2021,Little Rock-Pine Bluff AR,37.69
2021,Los Angeles CA,50.19
2021,Louisville KY,49.58
2021,Lubbock TX,31.6
2021,Macon GA,39.6
2021,Madison WI,35.67
2021,Mankato MN,65.0
2021,Medford-Klamath Falls OR,29.0
2021,Memphis TN,49.83
2021,Miami-Ft. Lauderdale FL,35.97
2021,Milwaukee WI,58.81
2021,Minneapolis-St. Paul MN,56.92
2021,Minot-Bismarck-Dickinson(Williston) ND,21.5
2021,Mobile AL-Pensacola (Ft. Walton Beach) FL,29.36
2021,Monroe LA-El Dorado AR,21.0
2021,Monterey-Salinas CA,44.03
2021,Montgomery (Selma) AL,33.4
2021,Nashville TN,36.56
2021,New Orleans LA,31.64
2021,New York NY,32.17
2021,Norfolk-Portsmouth-Newport News VA,39.08
2021,Odessa-Midland TX,38.2
2021,Oklahoma City OK,40.03
2021,Omaha NE,40.42
2021,Orlando-Daytona Beach-Melbourne FL,32.39
2021,Paducah KY-Cape Girardeau MO-Harrisburg-Mount Vernon IL,39.58
2021,Palm Springs CA,47.0
2021,Panama City FL,34.4
2021,Peoria-Bloomington IL,36.06
2021,Philadelphia PA,38.06
2021,Phoenix AZ,37.78
2021,Pittsburgh PA,24.81
2021,Portland OR,75.69
2021,Portland-Auburn ME,20.56
2021,Providence RI-New Bedford MA,43.53
2021,Quincy IL-Hannibal MO-Keokuk IA,49.0
2021,Raleigh-Durham (Fayetteville) NC,34.28
2021,Rapid City SD,44.0
2021,Reno NV,44.0
2021,Richmond-Petersburg VA,29.75
2021,Roanoke-Lynchburg VA,23.08
2021,Rochester MN-Mason City IA-Austin MN,34.8
2021,Rochester NY,36.36
2021,Rockford IL,28.0
2021,Sacramento-Stockton-Modesto CA,51.97
2021,Salisbury MD,19.4
2021,Salt Lake City UT,34.61
2021,San Angelo TX,49.0
2021,San Antonio TX,39.61
2021,San Diego CA,49.94
2021,San Francisco-Oakland-San Jose CA,58.44
2021,Santa Barbara-Santa Maria-San Luis Obispo CA,36.83
2021,Savannah GA,37.28
2021,Seattle-Tacoma WA,55.11
2021,Sherman TX-Ada OK,39.5
2021,Shreveport LA,36.61
2021,Sioux City IA,23.0
2021,Sioux Falls(Mitchell) SD,41.39
2021,South Bend-Elkhart IN,34.4
2021,Spokane WA,37.31
2021,Springfield MO,30.33
2021,Springfield-Holyoke MA,33.56
2021,St. Louis MO,46.06
2021,Syracuse NY,28.97
2021,Tallahassee FL-Thomasville GA,29.4
2021,Tampa-St. Petersburg (Sarasota) FL,33.75
2021,Terre Haute IN,37.2
2021,Toledo OH,42.56
2021,Topeka KS,42.4
2021,Traverse City-Cadillac MI,19.0
2021,Tri-Cities TN-VA,35.4
2021,Tucson (Sierra Vista) AZ,25.69
2021,Tulsa OK,51.33
2021,Tyler-Longview(Lufkin & Nacogdoches) TX,28.0
2021,Utica NY,52.0
2021,Waco-Temple-Bryan TX,32.83
2021,Washington DC (Hagerstown MD),33.0
2021,Watertown NY,35.0
2021,Wausau-Rhinelander WI,20.0
2021,West Palm Beach-Ft. Pierce FL,38.0
2021,Wheeling WV-Steubenville OH,39.0
2021,Wichita Falls TX & Lawton OK,28.2
2021,Wichita-Hutchinson KS,42.92
2021,Wilkes Barre-Scranton PA,26.17
2021,Wilmington NC,20.5
2021,Yakima-Pasco-Richland-Kennewick WA,36.5
2021,Youngstown OH,29.6
2021,Yuma AZ-El Centro CA,28.5
2021,Zanesville OH,100.0
2022,Abilene-Sweetwater TX,34.97
2022,Albany GA,50.33
2022,Albany-Schenectady-Troy NY,43.09
2022,Albuquerque-Santa Fe NM,65.85
2022,Alexandria LA,47.0
2022,Amarillo TX,36.24
2022,Anchorage AK,42.0
2022,Atlanta GA,47.73
2022,Augusta GA,38.94
2022,Austin TX,49.91
2022,Bakersfield CA,87.55
2022,Baltimore MD,49.64
2022,Bangor ME,36.5
2022,Baton Rouge LA,51.21
2022,Beaumont-Port Arthur TX,28.67
2022,Bend OR,44.67
2022,"Billings, MT",37.67
2022,Biloxi-Gulfport MS,39.0
2022,Binghamton NY,48.33
2022,Birmingham AL,46.67
2022,Boise ID,24.56
2022,Boston MA-Manchester NH,31.03
2022,Bowling Green KY,33.0
2022,Buffalo NY,54.42
2022,Burlington VT-Plattsburgh NY,27.45
2022,Butte-Bozeman MT,27.0
2022,Cedar Rapids-Waterloo-Iowa City & Dubuque IA,38.67
2022,Champaign & Springfield-Decatur IL,38.12
2022,Charleston SC,38.24
2022,Charleston-Huntington WV,40.94
2022,Charlotte NC,46.91
2022,Charlottesville VA,17.0
2022,Chattanooga TN,50.3
2022,Chicago IL,60.15
2022,Chico-Redding CA,74.33
2022,Cincinnati OH,54.97
2022,Clarksburg-Weston WV,35.33
2022,Cleveland-Akron (Canton) OH,57.03
2022,Colorado Springs-Pueblo CO,69.24
2022,Columbia SC,57.79
2022,Columbia-Jefferson City MO,44.67
2022,Columbus GA,43.67
2022,Columbus OH,83.61
2022,Columbus-Tupelo-West Point MS,31.0
2022,Corpus Christi TX,48.67
2022,Dallas-Ft. Worth TX,51.55
2022,Davenport IA-Rock Island-Moline IL,45.7
2022,Dayton OH,51.27
2022,Denver CO,99.73
2022,Des Moines-Ames IA,35.27
2022,Detroit MI,55.3
2022,Dothan AL,39.0
2022,Duluth MN-Superior WI,30.67
2022,El Paso TX,50.79
2022,Elmira NY,34.0
2022,Erie PA,24.0
2022,Eugene OR,56.73
2022,Eureka CA,61.0
2022,Evansville IN,38.33
2022,Fargo-Valley City ND,24.0
2022,Flint-Saginaw-Bay City MI,33.67
2022,Florence-Myrtle Beach SC,55.09
2022,Fresno-Visalia CA,65.39
2022,Ft. Myers-Naples FL,25.79
2022,Ft. Smith-Fayetteville-Springdale-Rogers AR,37.61
2022,Ft. Wayne IN,38.0
2022,Gainesville FL,37.67
2022,Grand Rapids-Kalamazoo-Battle Creek MI,54.91
2022,Green Bay-Appleton WI,45.48
2022,Greensboro-High Point-Winston Salem NC,46.21
2022,Greenville-New Bern-Washington NC,36.33
2022,Greenville-Spartanburg SC-Asheville NC-Anderson SC,48.7
2022,Greenwood-Greenville MS,56.0
2022,Harlingen-Weslaco-Brownsville-McAllen TX,27.48
2022,Harrisburg-Lancaster-Lebanon-York PA,40.82
2022,Harrisonburg VA,37.67
2022,Hartford & New Haven CT,56.58
2022,Hattiesburg-Laurel MS,45.0
2022,Honolulu HI,53.52
2022,Houston TX,57.91
2022,Huntsville-Decatur (Florence) AL,40.61
2022,Idaho Falls-Pocatello ID,30.0
2022,Indianapolis IN,44.24
2022,Jackson MS,43.22
2022,Jacksonville FL,36.88
2022,Johnstown-Altoona PA,25.33
2022,Jonesboro AR,34.0
2022,Joplin MO-Pittsburg KS,62.33
2022,Kansas City MO,65.48
2022,Knoxville TN,41.52
2022,La Crosse-Eau Claire WI,24.67
2022,Lafayette IN,60.0
2022,Lafayette LA,43.67
2022,Lansing MI,40.52
2022,Las Vegas NV,86.06
2022,Lexington KY,43.12
2022,Lincoln & Hastings-Kearney NE,43.72
2022,Little Rock-Pine Bluff AR,47.15
2022,Los Angeles CA,61.45
2022,Louisville KY,58.18
2022,Lubbock TX,38.67
2022,Macon GA,27.67
2022,Madison WI,53.64
2022,Mankato MN,53.0
2022,Medford-Klamath Falls OR,53.33
2022,Memphis TN,77.12
2022,Miami-Ft. Lauderdale FL,46.0
2022,Milwaukee WI,76.36
2022,Minneapolis-St. Paul MN,63.12
2022,Minot-Bismarck-Dickinson(Williston) ND,29.33
2022,Missoula MT,30.0
2022,Mobile AL-Pensacola (Ft. Walton Beach) FL,37.85
2022,Monroe LA-El Dorado AR,35.33
2022,Monterey-Salinas CA,32.18
2022,Montgomery (Selma) AL,47.33
2022,Nashville TN,49.61
2022,New Orleans LA,59.36
2022,New York NY,38.58
2022,Norfolk-Portsmouth-Newport News VA,59.48
2022,Odessa-Midland TX,40.67
2022,Oklahoma City OK,46.03
2022,Omaha NE,56.18
2022,Orlando-Daytona Beach-Melbourne FL,42.61
2022,Paducah KY-Cape Girardeau MO-Harrisburg-Mount Vernon IL,33.24
2022,Palm Springs CA,33.67
2022,Panama City FL,33.67
2022,Peoria-Bloomington IL,40.91
2022,Philadelphia PA,56.91
2022,Phoenix AZ,49.3
2022,Pittsburgh PA,32.79
2022,Portland OR,96.88
2022,Portland-Auburn ME,27.15
2022,Providence RI-New Bedford MA,36.33
2022,Quincy IL-Hannibal MO-Keokuk IA,41.0
2022,Raleigh-Durham (Fayetteville) NC,38.06
2022,Rapid City SD,37.67
2022,Reno NV,49.36
2022,Richmond-Petersburg VA,42.15
2022,Roanoke-Lynchburg VA,45.15
2022,Rochester MN-Mason City IA-Austin MN,46.0
2022,Rochester NY,49.33
2022,Rockford IL,42.0
2022,Sacramento-Stockton-Modesto CA,66.88
2022,Salisbury MD,30.0
2022,Salt Lake City UT,42.94
2022,San Angelo TX,54.0
2022,San Antonio TX,62.03
2022,San Diego CA,59.7
2022,San Francisco-Oakland-San Jose CA,70.67
2022,Santa Barbara-Santa Maria-San Luis Obispo CA,39.52
2022,Savannah GA,37.33
2022,Seattle-Tacoma WA,79.55
2022,Sherman TX-Ada OK,44.67
2022,Shreveport LA,48.36
2022,Sioux City IA,33.0
2022,Sioux Falls(Mitchell) SD,24.97
2022,South Bend-Elkhart IN,44.33
2022,Spokane WA,52.76
2022,Springfield MO,41.15
2022,Springfield-Holyoke MA,47.76
2022,St. Louis MO,75.91
2022,Syracuse NY,41.21
2022,Tallahassee FL-Thomasville GA,48.0
2022,Tampa-St. Petersburg (Sarasota) FL,43.67
2022,Terre Haute IN,34.67
2022,Toledo OH,48.82
2022,Topeka KS,55.0
2022,Traverse City-Cadillac MI,17.0
2022,Tri-Cities TN-VA,39.67
2022,Tucson (Sierra Vista) AZ,54.58
2022,Tulsa OK,55.97
2022,Tyler-Longview(Lufkin & Nacogdoches) TX,32.33
2022,Utica NY,34.5
2022,Victoria TX,89.0
2022,Waco-Temple-Bryan TX,49.82
2022,Washington DC (Hagerstown MD),40.91
2022,Watertown NY,29.0
2022,Wausau-Rhinelander WI,37.0
2022,West Palm Beach-Ft. Pierce FL,42.61
2022,Wheeling WV-Steubenville OH,39.0
2022,Wichita Falls TX & Lawton OK,24.0
2022,Wichita-Hutchinson KS,55.67
2022,Wilkes Barre-Scranton PA,38.82
2022,Wilmington NC,39.67
2022,Yakima-Pasco-Richland-Kennewick WA,71.18
2022,Youngstown OH,55.0
2022,Yuma AZ-El Centro CA,38.33
